subsystem,scenario,producers,workers,message_bytes,operations,elapsed_ms,throughput_per_second,p50_ns,p95_ns,p99_ns,max_ns,accepted,failed,allocations,allocated_bytes,notes
logger,parallel_sharded,1,0,16,100000,7.5458,1.32524e+07,100,100,100,6200,100000,0,0,0,"prepared owning Error"
logger,parallel_sharded,2,0,16,100000,9.306,1.07458e+07,200,300,400,6300,100000,0,0,0,"prepared owning Error"
logger,parallel_sharded,4,0,16,100000,6.2805,1.59223e+07,200,400,500,5700,100000,0,0,0,"prepared owning Error"
logger,parallel_sharded,8,0,16,100000,3.558,2.81057e+07,200,400,600,9000,100000,0,0,0,"prepared owning Error"
logger,parallel_sharded,16,0,16,100000,2.3739,4.21248e+07,200,600,700,12600,100000,0,0,0,"prepared owning Error"
logger,parallel_sharded,1,0,128,100000,8.976,1.11408e+07,100,200,200,2900,100000,0,0,0,"prepared owning Error"
logger,parallel_sharded,2,0,128,100000,9.4573,1.05738e+07,200,300,400,3100,100000,0,0,0,"prepared owning Error"
logger,parallel_sharded,4,0,128,100000,6.4297,1.55528e+07,200,400,600,6300,100000,0,0,0,"prepared owning Error"
logger,parallel_sharded,8,0,128,100000,3.069,3.25839e+07,200,400,500,4700,100000,0,0,0,"prepared owning Error"
logger,parallel_sharded,16,0,128,100000,2.3953,4.17484e+07,200,600,800,5200,100000,0,0,0,"prepared owning Error"
logger,parallel_sharded,1,0,1024,100000,11.2504,8.88857e+06,100,200,300,3200,100000,0,0,0,"prepared owning Error"
logger,parallel_sharded,2,0,1024,100000,11.2368,8.89933e+06,200,400,500,2100,100000,0,0,0,"prepared owning Error"
logger,parallel_sharded,4,0,1024,100000,5.5075,1.81571e+07,200,300,500,9100,100000,0,0,0,"prepared owning Error"
logger,parallel_sharded,8,0,1024,100000,3.7739,2.64978e+07,200,400,600,116900,100000,0,0,0,"prepared owning Error"
logger,parallel_sharded,16,0,1024,100000,2.7384,3.65177e+07,200,500,700,20300,100000,0,0,0,"prepared owning Error"
logger,parallel_sharded,1,0,8192,100000,35.6397,2.80586e+06,400,500,800,4500,100000,0,0,0,"prepared owning Error"
logger,parallel_sharded,2,0,8192,100000,23.1483,4.31997e+06,400,600,800,7500,100000,0,0,0,"prepared owning Error"
logger,parallel_sharded,4,0,8192,100000,12.988,7.69941e+06,500,700,1000,28400,100000,0,0,0,"prepared owning Error"
logger,parallel_sharded,8,0,8192,100000,7.6943,1.29966e+07,600,800,1000,97600,100000,0,0,0,"prepared owning Error"
logger,parallel_sharded,16,0,8192,100000,8.9428,1.11822e+07,600,1000,1400,36700,100000,0,0,0,"prepared owning Error"
logger,serialized_full_metadata,1,0,128,100000,13.5359,7.38776e+06,100,200,300,46700,100000,0,0,0,"prepared owning Error"
logger,serialized_full_metadata,2,0,128,100000,12.464,8.02311e+06,200,400,1000,28400,100000,0,0,0,"prepared owning Error"
logger,serialized_full_metadata,4,0,128,100000,23.8489,4.19307e+06,300,3300,8400,146800,100000,0,0,0,"prepared owning Error"
logger,serialized_full_metadata,8,0,128,100000,30.9149,3.23469e+06,500,7500,24700,387400,100000,0,0,0,"prepared owning Error"
logger,serialized_full_metadata,16,0,128,100000,33.2395,3.00847e+06,700,12700,51900,2220600,100000,0,0,0,"prepared owning Error"
logger,sink_fanout_1,4,0,128,100000,4.7399,2.10975e+07,200,300,500,4800,100000,0,0,0,"all sinks receive every record"
logger,sink_fanout_2,4,0,128,100000,33.9074,2.94921e+06,400,3900,13000,458200,100000,0,0,0,"all sinks receive every record"
logger,sink_fanout_4,4,0,128,100000,33.7452,2.96338e+06,400,3400,11100,232000,100000,0,0,0,"all sinks receive every record"
logger,sink_fanout_8,4,0,128,100000,35.0861,2.85013e+06,400,3900,12000,191000,100000,0,0,0,"all sinks receive every record"
logger,sink_rejection_1_percent,4,0,128,100000,7.8454,1.27463e+07,300,500,700,2300,99000,1000,0,0,"failed calls are propagated to producers"
logger,compile_time_filter_drop,4,0,128,100000,1.1694,8.55139e+07,100,200,300,3000,100000,0,0,0,"zero sink calls"
sink,immediate_stream,1,0,128,100000,28.4223,3.51836e+06,300,400,400,14800,100000,0,0,0,""
sink,buffered_stream,1,0,128,100000,16.8229,5.94428e+06,200,300,400,19200,100000,0,0,0,"includes flush"
sink,immediate_stream,2,0,128,100000,33.2318,3.00917e+06,300,800,7500,687700,100000,0,0,0,""
sink,buffered_stream,2,0,128,100000,10.3839,9.63029e+06,200,300,300,8000,100000,0,0,0,"includes flush"
sink,immediate_stream,4,0,128,100000,42.8784,2.33218e+06,400,5800,24200,445600,100000,0,0,0,""
sink,buffered_stream,4,0,128,100000,7.9946,1.25084e+07,300,500,700,19500,100000,0,0,0,"includes flush"
sink,immediate_stream,8,0,128,100000,53.9614,1.85318e+06,600,13500,82600,549200,100000,0,0,0,""
sink,buffered_stream,8,0,128,100000,5.6347,1.77472e+07,400,600,1100,88500,100000,0,0,0,"includes flush"
sink,immediate_stream,16,0,128,100000,69.6829,1.43507e+06,1100,36900,227700,3400300,100000,0,0,0,""
sink,buffered_stream,16,0,128,100000,4.6648,2.14371e+07,300,600,1000,54400,100000,0,0,0,"includes flush"
logger,async,1,1,128,100000,30.3685,3.29289e+06,200,600,2300,84700,100000,0,0,0,"includes flush"
logger,async_slow_sink,1,1,128,4000,21.0114,190373,200,500,2800,5026500,4000,40,0,0,"5us sink; 1% rejects"
logger,async,2,1,128,100000,38.8862,2.57161e+06,300,900,4800,378800,100000,0,0,0,"includes flush"
logger,async_slow_sink,2,1,128,4000,21.0832,189725,200,600,7600,5155800,4000,40,0,0,"5us sink; 1% rejects"
logger,async,4,1,128,100000,41.9478,2.38392e+06,300,1900,25800,1108400,100000,0,0,0,"includes flush"
logger,async_slow_sink,4,1,128,4000,21.2717,188043,200,2200,15400,5237300,4000,40,0,0,"5us sink; 1% rejects"
logger,async,8,1,128,100000,54.2175,1.84442e+06,400,10800,159400,1429100,100000,0,0,0,"includes flush"
logger,async_slow_sink,8,1,128,4000,21.3473,187377,300,18400,101000,5163900,4000,40,0,0,"5us sink; 1% rejects"
logger,async,16,1,128,100000,61.0643,1.63762e+06,400,28400,358200,2862000,100000,0,0,0,"includes flush"
logger,async_slow_sink,16,1,128,4000,21.3559,187302,600,64400,760400,5029400,4000,40,0,0,"5us sink; 1% rejects"
logger,async_e2e_buffered_stream,1,1,128,100000,33.0335,3.02723e+06,300,700,1900,151200,100000,0,0,0,"producer->queue->format->buffered sink->flush"
logger,async_e2e_buffered_stream,2,1,128,100000,35.5079,2.81627e+06,300,700,2300,471800,100000,0,0,0,"producer->queue->format->buffered sink->flush"
logger,async_e2e_buffered_stream,4,1,128,100000,44.3002,2.25733e+06,300,1800,25100,1482900,100000,0,0,0,"producer->queue->format->buffered sink->flush"
logger,async_e2e_buffered_stream,8,1,128,100000,54.6616,1.82944e+06,400,7200,132900,4683100,100000,0,0,0,"producer->queue->format->buffered sink->flush"
logger,async_e2e_buffered_stream,16,1,128,100000,62.5686,1.59825e+06,400,28400,371900,1952400,100000,0,0,0,"producer->queue->format->buffered sink->flush"
memory,async_logger_allocations,1,1,128,100000,32.7633,3.0522e+06,200,700,2200,54600,100000,0,201072,22135000,"accepted record copies, queue growth and dispatch; includes flush"
worker,dispatch_q64,1,1,0,100000,45.4614,2.19967e+06,100,2200,6400,20600,100000,0,0,0,""
worker,dispatch_q64,4,1,0,100000,137.17,729021,600,26500,55200,175800,100000,0,0,0,""
worker,dispatch_q1024,1,1,0,100000,24.2333,4.12655e+06,100,1300,6900,47600,100000,0,0,0,""
worker,dispatch_q1024,4,1,0,100000,126.043,793378,300,26400,59700,238500,100000,0,0,0,""
worker,dispatch_q64,1,2,0,100000,38.6124,2.58984e+06,100,2800,10000,32200,100000,0,0,0,""
worker,dispatch_q64,4,2,0,100000,73.3157,1.36396e+06,300,13200,37600,492200,100000,0,0,0,""
worker,dispatch_q1024,1,2,0,100000,27.5997,3.62323e+06,100,1400,5800,77600,100000,0,0,0,""
worker,dispatch_q1024,4,2,0,100000,68.9469,1.45039e+06,200,15300,42300,344900,100000,0,0,0,""
worker,dispatch_q64,1,4,0,100000,30.5061,3.27803e+06,100,2600,8700,34600,100000,0,0,0,""
worker,dispatch_q64,4,4,0,100000,44.4407,2.25019e+06,100,6900,24000,1235500,100000,0,0,0,""
worker,dispatch_q1024,1,4,0,100000,41.085,2.43398e+06,100,2900,11200,41900,100000,0,0,0,""
worker,dispatch_q1024,4,4,0,100000,49.4332,2.02293e+06,100,8500,37100,334500,100000,0,0,0,""
worker,dispatch_q64,1,8,0,100000,157.972,633023,700,5400,11500,31300,100000,0,0,0,""
worker,dispatch_q64,4,8,0,100000,80.306,1.24524e+06,300,9800,45700,535300,100000,0,0,0,""
worker,dispatch_q1024,1,8,0,100000,120.497,829896,200,5500,12600,193800,100000,0,0,0,""
worker,dispatch_q1024,4,8,0,100000,65.8565,1.51845e+06,200,7300,44200,1024600,100000,0,0,0,""
worker,dispatch_q64,1,16,0,100000,205.794,485922,2100,6900,13600,49200,100000,0,0,0,""
worker,dispatch_q64,4,16,0,100000,77.0554,1.29777e+06,300,8800,35900,871800,100000,0,0,0,""
worker,dispatch_q1024,1,16,0,100000,82.1914,1.21667e+06,100,4400,11800,79400,100000,0,0,0,""
worker,dispatch_q1024,4,16,0,100000,52.1792,1.91647e+06,100,5900,25400,404700,100000,0,0,0,""
worker,backpressure_1us,8,4,0,10000,14.0453,711982,2700,36300,137800,2489800,10000,0,0,0,"queue=64"
worker,backpressure_20us,8,4,0,10000,57.2345,174720,28100,181100,428100,2260800,10000,0,0,0,"queue=64"
worker,tracked_future,1,4,0,100000,176.234,567426,0,0,0,0,100000,0,0,0,""
worker,bulk,1,4,0,100000,24.6571,4.05563e+06,0,0,0,0,100000,0,0,0,""
worker,cpu_256_iterations,4,4,0,100000,87.2075,1.14669e+06,700,11300,39200,576800,100000,0,0,0,"checksum=8661317945050900595"
worker,cpu_4096_iterations,4,4,0,25000,46.7944,534252,4200,24600,54800,405500,25000,0,0,0,"checksum=6604202157263770710"
worker,failure_and_exception_accounting,4,4,0,20000,9.8145,2.0378e+06,100,6600,29400,680300,20000,240,0,0,"result failures and exceptions are counted"
worker,shutdown_cancel_pending,1,1,0,512,15.7963,32412.7,0,0,0,0,1,511,0,0,"failed=cancelled futures"
memory,worker_queue_reserved_storage,1,4,0,1,0,0,0,0,0,0,1,0,1,114688,"fixed ring slots only; excludes worker stacks and callable heaps"
register,same_category_add,1,0,10,100000,30.7611,3.25086e+06,300,600,900,18700,100000,0,0,0,""
register,same_category_add,2,0,10,100000,30.2759,3.30296e+06,300,600,800,1723100,100000,0,0,0,""
register,same_category_add,4,0,10,100000,36.8257,2.71549e+06,300,700,8200,2146000,100000,0,0,0,""
register,same_category_add,8,0,10,100000,45.7899,2.18389e+06,400,900,33200,2496500,100000,0,0,0,""
register,same_category_add,16,0,10,100000,41.0474,2.43621e+06,400,1400,66800,2801300,100000,0,0,0,""
register,partitioned_categories,3,0,10,99999,10.6904,9.35409e+06,300,500,700,80500,99999,0,0,0,""
register,duplicate_rejection,4,0,9,50000,8.2984,6.02526e+06,200,500,7900,1008200,50000,0,0,0,"accepted=expected rejection"
register,contains_hit,8,0,9,100000,25.0743,3.98815e+06,200,700,18300,2245600,100000,0,0,0,""
register,remove,8,0,9,100000,42.7217,2.34073e+06,400,4100,67600,1036400,100000,0,0,0,""
register,capacity_rejection,4,0,4,50000,9.4274,5.30369e+06,200,1500,8400,554300,50000,0,0,0,"accepted=expected capacity error"
register,missing_category,4,0,7,50000,2.9432,1.69883e+07,200,400,700,19700,50000,0,0,0,"accepted=expected routing error"
memory,register_long_message_allocations,1,0,1024,100000,0,0,0,0,0,0,100000,0,300000,213600000,"global new/new[] only; throughput not measured"
memory,error_object_static_size,1,0,0,1,0,0,0,0,0,0,1,0,1,40,"sizeof(Error); excludes owned message allocation"
memory,log_entry_static_size,1,0,0,1,0,0,0,0,0,0,1,0,1,56,"sizeof(LogEntry); excludes owned message allocation"
