dataset,version,subsystem,scenario,producers,workers,message_bytes,median_throughput_per_second
micro,v0.1.0-beta,mixed,async,,,,1146790.0
micro,v0.1.0-beta,mixed,multi,,,,6760800.0
micro,v0.1.0-beta,mixed,single,,,,6327110.0
micro,v0.1.0-beta,mixed,worker_bulk_dispatch,,,,2937290.0
micro,v0.1.0-beta,mixed,worker_dispatch,,,,2526530.0
micro,v0.1.0-beta,mixed,worker_pool,,,,745162.0
micro,v0.2.0-beta,mixed,async,,,,930233.0
micro,v0.2.0-beta,mixed,multi,,,,7022400.0
micro,v0.2.0-beta,mixed,single,,,,5457920.0
micro,v0.2.0-beta,mixed,worker_bulk_dispatch,,,,2997330.0
micro,v0.2.0-beta,mixed,worker_dispatch,,,,2505890.0
micro,v0.2.0-beta,mixed,worker_pool,,,,740023.0
micro,v0.2.1-beta,mixed,async,,,,955110.0
micro,v0.2.1-beta,mixed,multi,,,,7079580.0
micro,v0.2.1-beta,mixed,single,,,,5832940.0
micro,v0.2.1-beta,mixed,worker_bulk_dispatch,,,,3207600.0
micro,v0.2.1-beta,mixed,worker_dispatch,,,,2417910.0
micro,v0.2.1-beta,mixed,worker_pool,,,,777635.0
micro,v0.2.2-beta,mixed,async,,,,1011120.0
micro,v0.2.2-beta,mixed,multi,,,,7703490.0
micro,v0.2.2-beta,mixed,single,,,,5961610.0
micro,v0.2.2-beta,mixed,worker_bulk_dispatch,,,,3032970.0
micro,v0.2.2-beta,mixed,worker_dispatch,,,,2200510.0
micro,v0.2.2-beta,mixed,worker_pool,,,,712880.0
micro,v0.2.3-beta,mixed,async,,,,920810.0
micro,v0.2.3-beta,mixed,multi,,,,5795700.0
micro,v0.2.3-beta,mixed,single,,,,6155740.0
micro,v0.2.3-beta,mixed,worker_bulk_dispatch,,,,3098660.0
micro,v0.2.3-beta,mixed,worker_dispatch,,,,2382940.0
micro,v0.2.3-beta,mixed,worker_pool,,,,707449.0
micro,v0.2.4-beta,mixed,async,,,,877963.0
micro,v0.2.4-beta,mixed,multi,,,,8645950.0
micro,v0.2.4-beta,mixed,single,,,,6282990.0
micro,v0.2.4-beta,mixed,worker_bulk_dispatch,,,,3106460.0
micro,v0.2.4-beta,mixed,worker_dispatch,,,,2293000.0
micro,v0.2.4-beta,mixed,worker_pool,,,,737463.0
micro,v0.2.5-beta,mixed,async,,,,939850.0
micro,v0.2.5-beta,mixed,multi,,,,7048640.0
micro,v0.2.5-beta,mixed,single,,,,6432940.0
micro,v0.2.5-beta,mixed,worker_bulk_dispatch,,,,3033800.0
micro,v0.2.5-beta,mixed,worker_dispatch,,,,2447500.0
micro,v0.2.5-beta,mixed,worker_pool,,,,716404.0
micro,v0.3.0-beta,mixed,async,,,,1265820.0
micro,v0.3.0-beta,mixed,multi,,,,7390360.0
micro,v0.3.0-beta,mixed,single,,,,6140620.0
micro,v0.3.0-beta,mixed,worker_bulk_dispatch,,,,8690360.0
micro,v0.3.0-beta,mixed,worker_dispatch,,,,2770620.0
micro,v0.3.0-beta,mixed,worker_pool,,,,2038570.0
micro,v0.3.1-beta,mixed,async,,,,1269040.0
micro,v0.3.1-beta,mixed,multi,,,,7096660.0
micro,v0.3.1-beta,mixed,single,,,,6396720.0
micro,v0.3.1-beta,mixed,worker_bulk_dispatch,,,,8510640.0
micro,v0.3.1-beta,mixed,worker_dispatch,,,,2177650.0
micro,v0.3.1-beta,mixed,worker_pool,,,,1987790.0
micro,v0.4.0-beta,mixed,async,,,,1253130.0
micro,v0.4.0-beta,mixed,multi,,,,9137340.0
micro,v0.4.0-beta,mixed,single,,,,11800800.0
micro,v0.4.0-beta,mixed,worker_bulk_dispatch,,,,9272140.0
micro,v0.4.0-beta,mixed,worker_dispatch,,,,3075310.0
micro,v0.4.0-beta,mixed,worker_pool,,,,1890860.0
production,v0.2.0-beta,logger,async,1,1,128,3763670.0
production,v0.2.0-beta,logger,async,16,1,128,2218750.0
production,v0.2.0-beta,logger,async,2,1,128,4013710.0
production,v0.2.0-beta,logger,async,4,1,128,3327910.0
production,v0.2.0-beta,logger,async,8,1,128,2631760.0
production,v0.2.0-beta,logger,async_e2e_buffered_stream,1,1,128,5044440.0
production,v0.2.0-beta,logger,async_e2e_buffered_stream,16,1,128,2190730.0
production,v0.2.0-beta,logger,async_e2e_buffered_stream,2,1,128,4270840.0
production,v0.2.0-beta,logger,async_e2e_buffered_stream,4,1,128,2817370.0
production,v0.2.0-beta,logger,async_e2e_buffered_stream,8,1,128,2601860.0
production,v0.2.0-beta,logger,async_slow_sink,1,1,128,193802.0
production,v0.2.0-beta,logger,async_slow_sink,16,1,128,189991.0
production,v0.2.0-beta,logger,async_slow_sink,2,1,128,193481.0
production,v0.2.0-beta,logger,async_slow_sink,4,1,128,194679.0
production,v0.2.0-beta,logger,async_slow_sink,8,1,128,192286.0
production,v0.2.0-beta,logger,compile_time_filter_drop,4,0,128,132485000.0
production,v0.2.0-beta,logger,parallel_sharded,1,0,1024,9537340.0
production,v0.2.0-beta,logger,parallel_sharded,1,0,128,11286600.0
production,v0.2.0-beta,logger,parallel_sharded,1,0,16,74621300.0
production,v0.2.0-beta,logger,parallel_sharded,1,0,8192,3847460.0
production,v0.2.0-beta,logger,parallel_sharded,16,0,1024,33443700.0
production,v0.2.0-beta,logger,parallel_sharded,16,0,128,40566300.0
production,v0.2.0-beta,logger,parallel_sharded,16,0,16,77363500.0
production,v0.2.0-beta,logger,parallel_sharded,16,0,8192,15525500.0
production,v0.2.0-beta,logger,parallel_sharded,2,0,1024,11602800.0
production,v0.2.0-beta,logger,parallel_sharded,2,0,128,14755800.0
production,v0.2.0-beta,logger,parallel_sharded,2,0,16,79045100.0
production,v0.2.0-beta,logger,parallel_sharded,2,0,8192,5034360.0
production,v0.2.0-beta,logger,parallel_sharded,4,0,1024,17785400.0
production,v0.2.0-beta,logger,parallel_sharded,4,0,128,15953500.0
production,v0.2.0-beta,logger,parallel_sharded,4,0,16,60045600.0
production,v0.2.0-beta,logger,parallel_sharded,4,0,8192,10150800.0
production,v0.2.0-beta,logger,parallel_sharded,8,0,1024,26625500.0
production,v0.2.0-beta,logger,parallel_sharded,8,0,128,26220600.0
production,v0.2.0-beta,logger,parallel_sharded,8,0,16,72511100.0
production,v0.2.0-beta,logger,parallel_sharded,8,0,8192,13345300.0
production,v0.2.0-beta,logger,serialized_full_metadata,1,0,128,7499740.0
production,v0.2.0-beta,logger,serialized_full_metadata,16,0,128,1038150.0
production,v0.2.0-beta,logger,serialized_full_metadata,2,0,128,7705050.0
production,v0.2.0-beta,logger,serialized_full_metadata,4,0,128,3698500.0
production,v0.2.0-beta,logger,serialized_full_metadata,8,0,128,1784780.0
production,v0.2.0-beta,logger,sink_fanout_1,4,0,128,13640700.0
production,v0.2.0-beta,logger,sink_fanout_2,4,0,128,3734580.0
production,v0.2.0-beta,logger,sink_fanout_4,4,0,128,4298990.0
production,v0.2.0-beta,logger,sink_fanout_8,4,0,128,3692860.0
production,v0.2.0-beta,logger,sink_rejection_1_percent,4,0,128,13726500.0
production,v0.2.0-beta,memory,async_logger_allocations,1,1,128,4681490.0
production,v0.2.0-beta,register,capacity_rejection,4,0,4,4233950.0
production,v0.2.0-beta,register,contains_hit,8,0,9,3265780.0
production,v0.2.0-beta,register,duplicate_rejection,4,0,9,4444370.0
production,v0.2.0-beta,register,missing_category,4,0,7,17848900.0
production,v0.2.0-beta,register,partitioned_categories,3,0,10,4645780.0
production,v0.2.0-beta,register,remove,8,0,9,2173410.0
production,v0.2.0-beta,register,same_category_add,1,0,10,3663500.0
production,v0.2.0-beta,register,same_category_add,16,0,10,1612150.0
production,v0.2.0-beta,register,same_category_add,2,0,10,3371390.0
production,v0.2.0-beta,register,same_category_add,4,0,10,2800490.0
production,v0.2.0-beta,register,same_category_add,8,0,10,2047430.0
production,v0.2.0-beta,sink,buffered_stream,1,0,128,6183990.0
production,v0.2.0-beta,sink,buffered_stream,16,0,128,24205500.0
production,v0.2.0-beta,sink,buffered_stream,2,0,128,10205200.0
production,v0.2.0-beta,sink,buffered_stream,4,0,128,15156800.0
production,v0.2.0-beta,sink,buffered_stream,8,0,128,22536200.0
production,v0.2.0-beta,sink,immediate_stream,1,0,128,4374700.0
production,v0.2.0-beta,sink,immediate_stream,16,0,128,945683.0
production,v0.2.0-beta,sink,immediate_stream,2,0,128,5141840.0
production,v0.2.0-beta,sink,immediate_stream,4,0,128,3375240.0
production,v0.2.0-beta,sink,immediate_stream,8,0,128,1487660.0
production,v0.2.0-beta,worker,backpressure_1us,8,4,0,656944.0
production,v0.2.0-beta,worker,backpressure_20us,8,4,0,174523.0
production,v0.2.0-beta,worker,bulk,1,4,0,3053580.0
production,v0.2.0-beta,worker,cpu_256_iterations,4,4,0,946653.0
production,v0.2.0-beta,worker,cpu_4096_iterations,4,4,0,526966.0
production,v0.2.0-beta,worker,dispatch_q1024,1,1,0,1889760.0
production,v0.2.0-beta,worker,dispatch_q1024,1,16,0,378089.0
production,v0.2.0-beta,worker,dispatch_q1024,1,2,0,3867140.0
production,v0.2.0-beta,worker,dispatch_q1024,1,4,0,1435460.0
production,v0.2.0-beta,worker,dispatch_q1024,1,8,0,399844.0
production,v0.2.0-beta,worker,dispatch_q1024,4,1,0,1138440.0
production,v0.2.0-beta,worker,dispatch_q1024,4,16,0,918624.0
production,v0.2.0-beta,worker,dispatch_q1024,4,2,0,1483420.0
production,v0.2.0-beta,worker,dispatch_q1024,4,4,0,1573460.0
production,v0.2.0-beta,worker,dispatch_q1024,4,8,0,1194860.0
production,v0.2.0-beta,worker,dispatch_q64,1,1,0,1600010.0
production,v0.2.0-beta,worker,dispatch_q64,1,16,0,376324.0
production,v0.2.0-beta,worker,dispatch_q64,1,2,0,2649480.0
production,v0.2.0-beta,worker,dispatch_q64,1,4,0,1627300.0
production,v0.2.0-beta,worker,dispatch_q64,1,8,0,399440.0
production,v0.2.0-beta,worker,dispatch_q64,4,1,0,1004920.0
production,v0.2.0-beta,worker,dispatch_q64,4,16,0,918793.0
production,v0.2.0-beta,worker,dispatch_q64,4,2,0,1378320.0
production,v0.2.0-beta,worker,dispatch_q64,4,4,0,1320930.0
production,v0.2.0-beta,worker,dispatch_q64,4,8,0,1045470.0
production,v0.2.0-beta,worker,failure_and_exception_accounting,4,4,0,1584940.0
production,v0.2.0-beta,worker,shutdown_cancel_pending,1,1,0,48425.2
production,v0.2.0-beta,worker,tracked_future,1,4,0,528556.0
production,v0.2.1-beta,logger,async,1,1,128,4851140.0
production,v0.2.1-beta,logger,async,16,1,128,2207700.0
production,v0.2.1-beta,logger,async,2,1,128,3810530.0
production,v0.2.1-beta,logger,async,4,1,128,3243270.0
production,v0.2.1-beta,logger,async,8,1,128,2603430.0
production,v0.2.1-beta,logger,async_e2e_buffered_stream,1,1,128,5015980.0
production,v0.2.1-beta,logger,async_e2e_buffered_stream,16,1,128,2163800.0
production,v0.2.1-beta,logger,async_e2e_buffered_stream,2,1,128,4333040.0
production,v0.2.1-beta,logger,async_e2e_buffered_stream,4,1,128,3076930.0
production,v0.2.1-beta,logger,async_e2e_buffered_stream,8,1,128,2483490.0
production,v0.2.1-beta,logger,async_slow_sink,1,1,128,194638.0
production,v0.2.1-beta,logger,async_slow_sink,16,1,128,190808.0
production,v0.2.1-beta,logger,async_slow_sink,2,1,128,193653.0
production,v0.2.1-beta,logger,async_slow_sink,4,1,128,193490.0
production,v0.2.1-beta,logger,async_slow_sink,8,1,128,191042.0
production,v0.2.1-beta,logger,compile_time_filter_drop,4,0,128,100959000.0
production,v0.2.1-beta,logger,parallel_sharded,1,0,1024,9774600.0
production,v0.2.1-beta,logger,parallel_sharded,1,0,128,11339300.0
production,v0.2.1-beta,logger,parallel_sharded,1,0,16,77531400.0
production,v0.2.1-beta,logger,parallel_sharded,1,0,8192,3842890.0
production,v0.2.1-beta,logger,parallel_sharded,16,0,1024,32958700.0
production,v0.2.1-beta,logger,parallel_sharded,16,0,128,39807300.0
production,v0.2.1-beta,logger,parallel_sharded,16,0,16,77579500.0
production,v0.2.1-beta,logger,parallel_sharded,16,0,8192,15413300.0
production,v0.2.1-beta,logger,parallel_sharded,2,0,1024,13466400.0
production,v0.2.1-beta,logger,parallel_sharded,2,0,128,18555300.0
production,v0.2.1-beta,logger,parallel_sharded,2,0,16,79295900.0
production,v0.2.1-beta,logger,parallel_sharded,2,0,8192,4932500.0
production,v0.2.1-beta,logger,parallel_sharded,4,0,1024,19076700.0
production,v0.2.1-beta,logger,parallel_sharded,4,0,128,15836600.0
production,v0.2.1-beta,logger,parallel_sharded,4,0,16,68189600.0
production,v0.2.1-beta,logger,parallel_sharded,4,0,8192,9272910.0
production,v0.2.1-beta,logger,parallel_sharded,8,0,1024,27377000.0
production,v0.2.1-beta,logger,parallel_sharded,8,0,128,27038700.0
production,v0.2.1-beta,logger,parallel_sharded,8,0,16,74839100.0
production,v0.2.1-beta,logger,parallel_sharded,8,0,8192,14036900.0
production,v0.2.1-beta,logger,serialized_full_metadata,1,0,128,7855890.0
production,v0.2.1-beta,logger,serialized_full_metadata,16,0,128,996179.0
production,v0.2.1-beta,logger,serialized_full_metadata,2,0,128,8648720.0
production,v0.2.1-beta,logger,serialized_full_metadata,4,0,128,3032590.0
production,v0.2.1-beta,logger,serialized_full_metadata,8,0,128,1815100.0
production,v0.2.1-beta,logger,sink_fanout_1,4,0,128,13296100.0
production,v0.2.1-beta,logger,sink_fanout_2,4,0,128,3710380.0
production,v0.2.1-beta,logger,sink_fanout_4,4,0,128,4467280.0
production,v0.2.1-beta,logger,sink_fanout_8,4,0,128,4345770.0
production,v0.2.1-beta,logger,sink_rejection_1_percent,4,0,128,13594700.0
production,v0.2.1-beta,memory,async_logger_allocations,1,1,128,3924090.0
production,v0.2.1-beta,register,capacity_rejection,4,0,4,4438490.0
production,v0.2.1-beta,register,contains_hit,8,0,9,3238050.0
production,v0.2.1-beta,register,duplicate_rejection,4,0,9,4517650.0
production,v0.2.1-beta,register,missing_category,4,0,7,17691000.0
production,v0.2.1-beta,register,partitioned_categories,3,0,10,6407650.0
production,v0.2.1-beta,register,remove,8,0,9,2158970.0
production,v0.2.1-beta,register,same_category_add,1,0,10,4161830.0
production,v0.2.1-beta,register,same_category_add,16,0,10,1615670.0
production,v0.2.1-beta,register,same_category_add,2,0,10,3127380.0
production,v0.2.1-beta,register,same_category_add,4,0,10,2938460.0
production,v0.2.1-beta,register,same_category_add,8,0,10,2154350.0
production,v0.2.1-beta,sink,buffered_stream,1,0,128,6040250.0
production,v0.2.1-beta,sink,buffered_stream,16,0,128,26181400.0
production,v0.2.1-beta,sink,buffered_stream,2,0,128,9649990.0
production,v0.2.1-beta,sink,buffered_stream,4,0,128,16174900.0
production,v0.2.1-beta,sink,buffered_stream,8,0,128,23287800.0
production,v0.2.1-beta,sink,immediate_stream,1,0,128,4268340.0
production,v0.2.1-beta,sink,immediate_stream,16,0,128,938680.0
production,v0.2.1-beta,sink,immediate_stream,2,0,128,5165020.0
production,v0.2.1-beta,sink,immediate_stream,4,0,128,3604630.0
production,v0.2.1-beta,sink,immediate_stream,8,0,128,1603730.0
production,v0.2.1-beta,worker,backpressure_1us,8,4,0,665429.0
production,v0.2.1-beta,worker,backpressure_20us,8,4,0,173626.0
production,v0.2.1-beta,worker,bulk,1,4,0,3011790.0
production,v0.2.1-beta,worker,cpu_256_iterations,4,4,0,915969.0
production,v0.2.1-beta,worker,cpu_4096_iterations,4,4,0,543923.0
production,v0.2.1-beta,worker,dispatch_q1024,1,1,0,1901130.0
production,v0.2.1-beta,worker,dispatch_q1024,1,16,0,359407.0
production,v0.2.1-beta,worker,dispatch_q1024,1,2,0,4290800.0
production,v0.2.1-beta,worker,dispatch_q1024,1,4,0,1421130.0
production,v0.2.1-beta,worker,dispatch_q1024,1,8,0,393622.0
production,v0.2.1-beta,worker,dispatch_q1024,4,1,0,1286860.0
production,v0.2.1-beta,worker,dispatch_q1024,4,16,0,1010330.0
production,v0.2.1-beta,worker,dispatch_q1024,4,2,0,1462670.0
production,v0.2.1-beta,worker,dispatch_q1024,4,4,0,1540880.0
production,v0.2.1-beta,worker,dispatch_q1024,4,8,0,1212130.0
production,v0.2.1-beta,worker,dispatch_q64,1,1,0,1454910.0
production,v0.2.1-beta,worker,dispatch_q64,1,16,0,368689.0
production,v0.2.1-beta,worker,dispatch_q64,1,2,0,3021230.0
production,v0.2.1-beta,worker,dispatch_q64,1,4,0,1451810.0
production,v0.2.1-beta,worker,dispatch_q64,1,8,0,390111.0
production,v0.2.1-beta,worker,dispatch_q64,4,1,0,1077460.0
production,v0.2.1-beta,worker,dispatch_q64,4,16,0,934295.0
production,v0.2.1-beta,worker,dispatch_q64,4,2,0,1334650.0
production,v0.2.1-beta,worker,dispatch_q64,4,4,0,1348580.0
production,v0.2.1-beta,worker,dispatch_q64,4,8,0,1094960.0
production,v0.2.1-beta,worker,failure_and_exception_accounting,4,4,0,1541180.0
production,v0.2.1-beta,worker,shutdown_cancel_pending,1,1,0,39582.5
production,v0.2.1-beta,worker,tracked_future,1,4,0,517145.0
production,v0.2.2-beta,logger,async,1,1,128,4953070.0
production,v0.2.2-beta,logger,async,16,1,128,2290010.0
production,v0.2.2-beta,logger,async,2,1,128,3652790.0
production,v0.2.2-beta,logger,async,4,1,128,3227140.0
production,v0.2.2-beta,logger,async,8,1,128,2690020.0
production,v0.2.2-beta,logger,async_e2e_buffered_stream,1,1,128,4808040.0
production,v0.2.2-beta,logger,async_e2e_buffered_stream,16,1,128,2170010.0
production,v0.2.2-beta,logger,async_e2e_buffered_stream,2,1,128,4607680.0
production,v0.2.2-beta,logger,async_e2e_buffered_stream,4,1,128,2817600.0
production,v0.2.2-beta,logger,async_e2e_buffered_stream,8,1,128,2511950.0
production,v0.2.2-beta,logger,async_slow_sink,1,1,128,193614.0
production,v0.2.2-beta,logger,async_slow_sink,16,1,128,189549.0
production,v0.2.2-beta,logger,async_slow_sink,2,1,128,192796.0
production,v0.2.2-beta,logger,async_slow_sink,4,1,128,193415.0
production,v0.2.2-beta,logger,async_slow_sink,8,1,128,191710.0
production,v0.2.2-beta,logger,compile_time_filter_drop,4,0,128,91340900.0
production,v0.2.2-beta,logger,parallel_sharded,1,0,1024,9683730.0
production,v0.2.2-beta,logger,parallel_sharded,1,0,128,11452800.0
production,v0.2.2-beta,logger,parallel_sharded,1,0,16,65087200.0
production,v0.2.2-beta,logger,parallel_sharded,1,0,8192,3813080.0
production,v0.2.2-beta,logger,parallel_sharded,16,0,1024,37595400.0
production,v0.2.2-beta,logger,parallel_sharded,16,0,128,39432200.0
production,v0.2.2-beta,logger,parallel_sharded,16,0,16,69579700.0
production,v0.2.2-beta,logger,parallel_sharded,16,0,8192,14336300.0
production,v0.2.2-beta,logger,parallel_sharded,2,0,1024,15542700.0
production,v0.2.2-beta,logger,parallel_sharded,2,0,128,10937300.0
production,v0.2.2-beta,logger,parallel_sharded,2,0,16,82911900.0
production,v0.2.2-beta,logger,parallel_sharded,2,0,8192,7026670.0
production,v0.2.2-beta,logger,parallel_sharded,4,0,1024,17549400.0
production,v0.2.2-beta,logger,parallel_sharded,4,0,128,15572700.0
production,v0.2.2-beta,logger,parallel_sharded,4,0,16,87123200.0
production,v0.2.2-beta,logger,parallel_sharded,4,0,8192,9057560.0
production,v0.2.2-beta,logger,parallel_sharded,8,0,1024,25383300.0
production,v0.2.2-beta,logger,parallel_sharded,8,0,128,29909700.0
production,v0.2.2-beta,logger,parallel_sharded,8,0,16,75999400.0
production,v0.2.2-beta,logger,parallel_sharded,8,0,8192,12436700.0
production,v0.2.2-beta,logger,serialized_full_metadata,1,0,128,7739940.0
production,v0.2.2-beta,logger,serialized_full_metadata,16,0,128,1015740.0
production,v0.2.2-beta,logger,serialized_full_metadata,2,0,128,8711860.0
production,v0.2.2-beta,logger,serialized_full_metadata,4,0,128,3392770.0
production,v0.2.2-beta,logger,serialized_full_metadata,8,0,128,1808650.0
production,v0.2.2-beta,logger,sink_fanout_1,4,0,128,13733400.0
production,v0.2.2-beta,logger,sink_fanout_2,4,0,128,4052540.0
production,v0.2.2-beta,logger,sink_fanout_4,4,0,128,4161120.0
production,v0.2.2-beta,logger,sink_fanout_8,4,0,128,3865650.0
production,v0.2.2-beta,logger,sink_rejection_1_percent,4,0,128,13881800.0
production,v0.2.2-beta,memory,async_logger_allocations,1,1,128,3913250.0
production,v0.2.2-beta,register,capacity_rejection,4,0,4,4179060.0
production,v0.2.2-beta,register,contains_hit,8,0,9,3178740.0
production,v0.2.2-beta,register,duplicate_rejection,4,0,9,4478720.0
production,v0.2.2-beta,register,missing_category,4,0,7,16696700.0
production,v0.2.2-beta,register,partitioned_categories,3,0,10,7491800.0
production,v0.2.2-beta,register,remove,8,0,9,2113770.0
production,v0.2.2-beta,register,same_category_add,1,0,10,3925520.0
production,v0.2.2-beta,register,same_category_add,16,0,10,1526690.0
production,v0.2.2-beta,register,same_category_add,2,0,10,3074050.0
production,v0.2.2-beta,register,same_category_add,4,0,10,2679660.0
production,v0.2.2-beta,register,same_category_add,8,0,10,2140050.0
production,v0.2.2-beta,sink,buffered_stream,1,0,128,6076370.0
production,v0.2.2-beta,sink,buffered_stream,16,0,128,24626900.0
production,v0.2.2-beta,sink,buffered_stream,2,0,128,9866020.0
production,v0.2.2-beta,sink,buffered_stream,4,0,128,16004400.0
production,v0.2.2-beta,sink,buffered_stream,8,0,128,22784200.0
production,v0.2.2-beta,sink,immediate_stream,1,0,128,4176550.0
production,v0.2.2-beta,sink,immediate_stream,16,0,128,985435.0
production,v0.2.2-beta,sink,immediate_stream,2,0,128,5174560.0
production,v0.2.2-beta,sink,immediate_stream,4,0,128,3474800.0
production,v0.2.2-beta,sink,immediate_stream,8,0,128,1523310.0
production,v0.2.2-beta,worker,backpressure_1us,8,4,0,684763.0
production,v0.2.2-beta,worker,backpressure_20us,8,4,0,173046.0
production,v0.2.2-beta,worker,bulk,1,4,0,3034160.0
production,v0.2.2-beta,worker,cpu_256_iterations,4,4,0,881528.0
production,v0.2.2-beta,worker,cpu_4096_iterations,4,4,0,532191.0
production,v0.2.2-beta,worker,dispatch_q1024,1,1,0,1874380.0
production,v0.2.2-beta,worker,dispatch_q1024,1,16,0,363710.0
production,v0.2.2-beta,worker,dispatch_q1024,1,2,0,4051540.0
production,v0.2.2-beta,worker,dispatch_q1024,1,4,0,1375030.0
production,v0.2.2-beta,worker,dispatch_q1024,1,8,0,400043.0
production,v0.2.2-beta,worker,dispatch_q1024,4,1,0,1221950.0
production,v0.2.2-beta,worker,dispatch_q1024,4,16,0,975535.0
production,v0.2.2-beta,worker,dispatch_q1024,4,2,0,1495220.0
production,v0.2.2-beta,worker,dispatch_q1024,4,4,0,1846210.0
production,v0.2.2-beta,worker,dispatch_q1024,4,8,0,1222140.0
production,v0.2.2-beta,worker,dispatch_q64,1,1,0,1697090.0
production,v0.2.2-beta,worker,dispatch_q64,1,16,0,376997.0
production,v0.2.2-beta,worker,dispatch_q64,1,2,0,2315770.0
production,v0.2.2-beta,worker,dispatch_q64,1,4,0,1623850.0
production,v0.2.2-beta,worker,dispatch_q64,1,8,0,398413.0
production,v0.2.2-beta,worker,dispatch_q64,4,1,0,944721.0
production,v0.2.2-beta,worker,dispatch_q64,4,16,0,860511.0
production,v0.2.2-beta,worker,dispatch_q64,4,2,0,1398810.0
production,v0.2.2-beta,worker,dispatch_q64,4,4,0,1354440.0
production,v0.2.2-beta,worker,dispatch_q64,4,8,0,1055980.0
production,v0.2.2-beta,worker,failure_and_exception_accounting,4,4,0,1676680.0
production,v0.2.2-beta,worker,shutdown_cancel_pending,1,1,0,92933.8
production,v0.2.2-beta,worker,tracked_future,1,4,0,529118.0
production,v0.2.3-beta,logger,async,1,1,128,3975180.0
production,v0.2.3-beta,logger,async,16,1,128,2245530.0
production,v0.2.3-beta,logger,async,2,1,128,3898910.0
production,v0.2.3-beta,logger,async,4,1,128,3117890.0
production,v0.2.3-beta,logger,async,8,1,128,2703830.0
production,v0.2.3-beta,logger,async_e2e_buffered_stream,1,1,128,5134710.0
production,v0.2.3-beta,logger,async_e2e_buffered_stream,16,1,128,2113120.0
production,v0.2.3-beta,logger,async_e2e_buffered_stream,2,1,128,4000980.0
production,v0.2.3-beta,logger,async_e2e_buffered_stream,4,1,128,2941100.0
production,v0.2.3-beta,logger,async_e2e_buffered_stream,8,1,128,2444400.0
production,v0.2.3-beta,logger,async_slow_sink,1,1,128,194313.0
production,v0.2.3-beta,logger,async_slow_sink,16,1,128,189777.0
production,v0.2.3-beta,logger,async_slow_sink,2,1,128,193146.0
production,v0.2.3-beta,logger,async_slow_sink,4,1,128,191594.0
production,v0.2.3-beta,logger,async_slow_sink,8,1,128,187585.0
production,v0.2.3-beta,logger,compile_time_filter_drop,4,0,128,89071000.0
production,v0.2.3-beta,logger,parallel_sharded,1,0,1024,9672580.0
production,v0.2.3-beta,logger,parallel_sharded,1,0,128,10991200.0
production,v0.2.3-beta,logger,parallel_sharded,1,0,16,76405900.0
production,v0.2.3-beta,logger,parallel_sharded,1,0,8192,3847920.0
production,v0.2.3-beta,logger,parallel_sharded,16,0,1024,37374800.0
production,v0.2.3-beta,logger,parallel_sharded,16,0,128,37794300.0
production,v0.2.3-beta,logger,parallel_sharded,16,0,16,76593100.0
production,v0.2.3-beta,logger,parallel_sharded,16,0,8192,15491900.0
production,v0.2.3-beta,logger,parallel_sharded,2,0,1024,12700200.0
production,v0.2.3-beta,logger,parallel_sharded,2,0,128,9532620.0
production,v0.2.3-beta,logger,parallel_sharded,2,0,16,81686000.0
production,v0.2.3-beta,logger,parallel_sharded,2,0,8192,6621680.0
production,v0.2.3-beta,logger,parallel_sharded,4,0,1024,18992600.0
production,v0.2.3-beta,logger,parallel_sharded,4,0,128,15999200.0
production,v0.2.3-beta,logger,parallel_sharded,4,0,16,60013200.0
production,v0.2.3-beta,logger,parallel_sharded,4,0,8192,9102410.0
production,v0.2.3-beta,logger,parallel_sharded,8,0,1024,27205700.0
production,v0.2.3-beta,logger,parallel_sharded,8,0,128,27016100.0
production,v0.2.3-beta,logger,parallel_sharded,8,0,16,68719100.0
production,v0.2.3-beta,logger,parallel_sharded,8,0,8192,13489500.0
production,v0.2.3-beta,logger,serialized_full_metadata,1,0,128,7662600.0
production,v0.2.3-beta,logger,serialized_full_metadata,16,0,128,1026280.0
production,v0.2.3-beta,logger,serialized_full_metadata,2,0,128,8664690.0
production,v0.2.3-beta,logger,serialized_full_metadata,4,0,128,3813500.0
production,v0.2.3-beta,logger,serialized_full_metadata,8,0,128,1819990.0
production,v0.2.3-beta,logger,sink_fanout_1,4,0,128,13619700.0
production,v0.2.3-beta,logger,sink_fanout_2,4,0,128,3814440.0
production,v0.2.3-beta,logger,sink_fanout_4,4,0,128,4919660.0
production,v0.2.3-beta,logger,sink_fanout_8,4,0,128,3834900.0
production,v0.2.3-beta,logger,sink_rejection_1_percent,4,0,128,13374700.0
production,v0.2.3-beta,memory,async_logger_allocations,1,1,128,3975670.0
production,v0.2.3-beta,register,capacity_rejection,4,0,4,4194810.0
production,v0.2.3-beta,register,contains_hit,8,0,9,3277100.0
production,v0.2.3-beta,register,duplicate_rejection,4,0,9,4949710.0
production,v0.2.3-beta,register,missing_category,4,0,7,17007400.0
production,v0.2.3-beta,register,partitioned_categories,3,0,10,7868240.0
production,v0.2.3-beta,register,remove,8,0,9,2168580.0
production,v0.2.3-beta,register,same_category_add,1,0,10,3939350.0
production,v0.2.3-beta,register,same_category_add,16,0,10,1744920.0
production,v0.2.3-beta,register,same_category_add,2,0,10,3012140.0
production,v0.2.3-beta,register,same_category_add,4,0,10,2541150.0
production,v0.2.3-beta,register,same_category_add,8,0,10,1969430.0
production,v0.2.3-beta,sink,buffered_stream,1,0,128,6074600.0
production,v0.2.3-beta,sink,buffered_stream,16,0,128,26425700.0
production,v0.2.3-beta,sink,buffered_stream,2,0,128,9790100.0
production,v0.2.3-beta,sink,buffered_stream,4,0,128,14786300.0
production,v0.2.3-beta,sink,buffered_stream,8,0,128,21529500.0
production,v0.2.3-beta,sink,immediate_stream,1,0,128,4465960.0
production,v0.2.3-beta,sink,immediate_stream,16,0,128,948967.0
production,v0.2.3-beta,sink,immediate_stream,2,0,128,5102280.0
production,v0.2.3-beta,sink,immediate_stream,4,0,128,3700870.0
production,v0.2.3-beta,sink,immediate_stream,8,0,128,1502430.0
production,v0.2.3-beta,worker,backpressure_1us,8,4,0,649342.0
production,v0.2.3-beta,worker,backpressure_20us,8,4,0,174209.0
production,v0.2.3-beta,worker,bulk,1,4,0,3000600.0
production,v0.2.3-beta,worker,cpu_256_iterations,4,4,0,927159.0
production,v0.2.3-beta,worker,cpu_4096_iterations,4,4,0,540777.0
production,v0.2.3-beta,worker,dispatch_q1024,1,1,0,2391080.0
production,v0.2.3-beta,worker,dispatch_q1024,1,16,0,370381.0
production,v0.2.3-beta,worker,dispatch_q1024,1,2,0,4100780.0
production,v0.2.3-beta,worker,dispatch_q1024,1,4,0,1471040.0
production,v0.2.3-beta,worker,dispatch_q1024,1,8,0,388475.0
production,v0.2.3-beta,worker,dispatch_q1024,4,1,0,958123.0
production,v0.2.3-beta,worker,dispatch_q1024,4,16,0,1021220.0
production,v0.2.3-beta,worker,dispatch_q1024,4,2,0,1421920.0
production,v0.2.3-beta,worker,dispatch_q1024,4,4,0,1643770.0
production,v0.2.3-beta,worker,dispatch_q1024,4,8,0,1299350.0
production,v0.2.3-beta,worker,dispatch_q64,1,1,0,1354810.0
production,v0.2.3-beta,worker,dispatch_q64,1,16,0,363451.0
production,v0.2.3-beta,worker,dispatch_q64,1,2,0,2345220.0
production,v0.2.3-beta,worker,dispatch_q64,1,4,0,1606950.0
production,v0.2.3-beta,worker,dispatch_q64,1,8,0,392633.0
production,v0.2.3-beta,worker,dispatch_q64,4,1,0,920389.0
production,v0.2.3-beta,worker,dispatch_q64,4,16,0,939474.0
production,v0.2.3-beta,worker,dispatch_q64,4,2,0,1352910.0
production,v0.2.3-beta,worker,dispatch_q64,4,4,0,1327410.0
production,v0.2.3-beta,worker,dispatch_q64,4,8,0,1037980.0
production,v0.2.3-beta,worker,failure_and_exception_accounting,4,4,0,1623010.0
production,v0.2.3-beta,worker,shutdown_cancel_pending,1,1,0,52145.9
production,v0.2.3-beta,worker,tracked_future,1,4,0,516867.0
production,v0.2.4-beta,logger,async,1,1,128,4266450.0
production,v0.2.4-beta,logger,async,16,1,128,2181760.0
production,v0.2.4-beta,logger,async,2,1,128,4176460.0
production,v0.2.4-beta,logger,async,4,1,128,3371480.0
production,v0.2.4-beta,logger,async,8,1,128,2657510.0
production,v0.2.4-beta,logger,async_e2e_buffered_stream,1,1,128,4939490.0
production,v0.2.4-beta,logger,async_e2e_buffered_stream,16,1,128,2181200.0
production,v0.2.4-beta,logger,async_e2e_buffered_stream,2,1,128,3917510.0
production,v0.2.4-beta,logger,async_e2e_buffered_stream,4,1,128,2836690.0
production,v0.2.4-beta,logger,async_e2e_buffered_stream,8,1,128,2546060.0
production,v0.2.4-beta,logger,async_slow_sink,1,1,128,188556.0
production,v0.2.4-beta,logger,async_slow_sink,16,1,128,189207.0
production,v0.2.4-beta,logger,async_slow_sink,2,1,128,193469.0
production,v0.2.4-beta,logger,async_slow_sink,4,1,128,193555.0
production,v0.2.4-beta,logger,async_slow_sink,8,1,128,191600.0
production,v0.2.4-beta,logger,compile_time_filter_drop,4,0,128,102428000.0
production,v0.2.4-beta,logger,parallel_sharded,1,0,1024,9580290.0
production,v0.2.4-beta,logger,parallel_sharded,1,0,128,10980900.0
production,v0.2.4-beta,logger,parallel_sharded,1,0,16,76575500.0
production,v0.2.4-beta,logger,parallel_sharded,1,0,8192,3842030.0
production,v0.2.4-beta,logger,parallel_sharded,16,0,1024,34065700.0
production,v0.2.4-beta,logger,parallel_sharded,16,0,128,39834300.0
production,v0.2.4-beta,logger,parallel_sharded,16,0,16,71561500.0
production,v0.2.4-beta,logger,parallel_sharded,16,0,8192,15815500.0
production,v0.2.4-beta,logger,parallel_sharded,2,0,1024,15805000.0
production,v0.2.4-beta,logger,parallel_sharded,2,0,128,17792600.0
production,v0.2.4-beta,logger,parallel_sharded,2,0,16,84104300.0
production,v0.2.4-beta,logger,parallel_sharded,2,0,8192,5743730.0
production,v0.2.4-beta,logger,parallel_sharded,4,0,1024,15020700.0
production,v0.2.4-beta,logger,parallel_sharded,4,0,128,15862900.0
production,v0.2.4-beta,logger,parallel_sharded,4,0,16,62711700.0
production,v0.2.4-beta,logger,parallel_sharded,4,0,8192,10913100.0
production,v0.2.4-beta,logger,parallel_sharded,8,0,1024,26888200.0
production,v0.2.4-beta,logger,parallel_sharded,8,0,128,28477900.0
production,v0.2.4-beta,logger,parallel_sharded,8,0,16,80237500.0
production,v0.2.4-beta,logger,parallel_sharded,8,0,8192,12919400.0
production,v0.2.4-beta,logger,serialized_full_metadata,1,0,128,7753020.0
production,v0.2.4-beta,logger,serialized_full_metadata,16,0,128,1047780.0
production,v0.2.4-beta,logger,serialized_full_metadata,2,0,128,8638940.0
production,v0.2.4-beta,logger,serialized_full_metadata,4,0,128,3301080.0
production,v0.2.4-beta,logger,serialized_full_metadata,8,0,128,1768260.0
production,v0.2.4-beta,logger,sink_fanout_1,4,0,128,13267700.0
production,v0.2.4-beta,logger,sink_fanout_2,4,0,128,3663770.0
production,v0.2.4-beta,logger,sink_fanout_4,4,0,128,3721330.0
production,v0.2.4-beta,logger,sink_fanout_8,4,0,128,3555540.0
production,v0.2.4-beta,logger,sink_rejection_1_percent,4,0,128,13335300.0
production,v0.2.4-beta,memory,async_logger_allocations,1,1,128,3975370.0
production,v0.2.4-beta,register,capacity_rejection,4,0,4,4431480.0
production,v0.2.4-beta,register,contains_hit,8,0,9,3167150.0
production,v0.2.4-beta,register,duplicate_rejection,4,0,9,4517940.0
production,v0.2.4-beta,register,missing_category,4,0,7,17195700.0
production,v0.2.4-beta,register,partitioned_categories,3,0,10,5332940.0
production,v0.2.4-beta,register,remove,8,0,9,2138010.0
production,v0.2.4-beta,register,same_category_add,1,0,10,4126370.0
production,v0.2.4-beta,register,same_category_add,16,0,10,1575950.0
production,v0.2.4-beta,register,same_category_add,2,0,10,3363060.0
production,v0.2.4-beta,register,same_category_add,4,0,10,2730910.0
production,v0.2.4-beta,register,same_category_add,8,0,10,2103100.0
production,v0.2.4-beta,sink,buffered_stream,1,0,128,6102060.0
production,v0.2.4-beta,sink,buffered_stream,16,0,128,23978500.0
production,v0.2.4-beta,sink,buffered_stream,2,0,128,11447300.0
production,v0.2.4-beta,sink,buffered_stream,4,0,128,15595800.0
production,v0.2.4-beta,sink,buffered_stream,8,0,128,22571300.0
production,v0.2.4-beta,sink,immediate_stream,1,0,128,4463490.0
production,v0.2.4-beta,sink,immediate_stream,16,0,128,960642.0
production,v0.2.4-beta,sink,immediate_stream,2,0,128,4233020.0
production,v0.2.4-beta,sink,immediate_stream,4,0,128,3218970.0
production,v0.2.4-beta,sink,immediate_stream,8,0,128,1526780.0
production,v0.2.4-beta,worker,backpressure_1us,8,4,0,664461.0
production,v0.2.4-beta,worker,backpressure_20us,8,4,0,173553.0
production,v0.2.4-beta,worker,bulk,1,4,0,3261050.0
production,v0.2.4-beta,worker,cpu_256_iterations,4,4,0,929625.0
production,v0.2.4-beta,worker,cpu_4096_iterations,4,4,0,554099.0
production,v0.2.4-beta,worker,dispatch_q1024,1,1,0,2500450.0
production,v0.2.4-beta,worker,dispatch_q1024,1,16,0,366242.0
production,v0.2.4-beta,worker,dispatch_q1024,1,2,0,3512520.0
production,v0.2.4-beta,worker,dispatch_q1024,1,4,0,1411150.0
production,v0.2.4-beta,worker,dispatch_q1024,1,8,0,395059.0
production,v0.2.4-beta,worker,dispatch_q1024,4,1,0,1074870.0
production,v0.2.4-beta,worker,dispatch_q1024,4,16,0,1039980.0
production,v0.2.4-beta,worker,dispatch_q1024,4,2,0,1397290.0
production,v0.2.4-beta,worker,dispatch_q1024,4,4,0,1671360.0
production,v0.2.4-beta,worker,dispatch_q1024,4,8,0,1312740.0
production,v0.2.4-beta,worker,dispatch_q64,1,1,0,1415450.0
production,v0.2.4-beta,worker,dispatch_q64,1,16,0,365174.0
production,v0.2.4-beta,worker,dispatch_q64,1,2,0,2787810.0
production,v0.2.4-beta,worker,dispatch_q64,1,4,0,1348340.0
production,v0.2.4-beta,worker,dispatch_q64,1,8,0,400440.0
production,v0.2.4-beta,worker,dispatch_q64,4,1,0,1024830.0
production,v0.2.4-beta,worker,dispatch_q64,4,16,0,858398.0
production,v0.2.4-beta,worker,dispatch_q64,4,2,0,1413970.0
production,v0.2.4-beta,worker,dispatch_q64,4,4,0,1349580.0
production,v0.2.4-beta,worker,dispatch_q64,4,8,0,1131760.0
production,v0.2.4-beta,worker,failure_and_exception_accounting,4,4,0,1674260.0
production,v0.2.4-beta,worker,shutdown_cancel_pending,1,1,0,82877.4
production,v0.2.4-beta,worker,tracked_future,1,4,0,530315.0
production,v0.2.5-beta,logger,async,1,1,128,3858640.0
production,v0.2.5-beta,logger,async,16,1,128,2351820.0
production,v0.2.5-beta,logger,async,2,1,128,3757140.0
production,v0.2.5-beta,logger,async,4,1,128,3293740.0
production,v0.2.5-beta,logger,async,8,1,128,2577210.0
production,v0.2.5-beta,logger,async_e2e_buffered_stream,1,1,128,5116740.0
production,v0.2.5-beta,logger,async_e2e_buffered_stream,16,1,128,2292950.0
production,v0.2.5-beta,logger,async_e2e_buffered_stream,2,1,128,4329790.0
production,v0.2.5-beta,logger,async_e2e_buffered_stream,4,1,128,2982730.0
production,v0.2.5-beta,logger,async_e2e_buffered_stream,8,1,128,2595720.0
production,v0.2.5-beta,logger,async_slow_sink,1,1,128,192594.0
production,v0.2.5-beta,logger,async_slow_sink,16,1,128,189725.0
production,v0.2.5-beta,logger,async_slow_sink,2,1,128,193829.0
production,v0.2.5-beta,logger,async_slow_sink,4,1,128,192970.0
production,v0.2.5-beta,logger,async_slow_sink,8,1,128,188581.0
production,v0.2.5-beta,logger,compile_time_filter_drop,4,0,128,90098200.0
production,v0.2.5-beta,logger,parallel_sharded,1,0,1024,9163800.0
production,v0.2.5-beta,logger,parallel_sharded,1,0,128,11197100.0
production,v0.2.5-beta,logger,parallel_sharded,1,0,16,76126700.0
production,v0.2.5-beta,logger,parallel_sharded,1,0,8192,3827190.0
production,v0.2.5-beta,logger,parallel_sharded,16,0,1024,35224900.0
production,v0.2.5-beta,logger,parallel_sharded,16,0,128,39275800.0
production,v0.2.5-beta,logger,parallel_sharded,16,0,16,69715600.0
production,v0.2.5-beta,logger,parallel_sharded,16,0,8192,16017900.0
production,v0.2.5-beta,logger,parallel_sharded,2,0,1024,16185200.0
production,v0.2.5-beta,logger,parallel_sharded,2,0,128,18374200.0
production,v0.2.5-beta,logger,parallel_sharded,2,0,16,82960000.0
production,v0.2.5-beta,logger,parallel_sharded,2,0,8192,5786870.0
production,v0.2.5-beta,logger,parallel_sharded,4,0,1024,17479800.0
production,v0.2.5-beta,logger,parallel_sharded,4,0,128,15756700.0
production,v0.2.5-beta,logger,parallel_sharded,4,0,16,58332800.0
production,v0.2.5-beta,logger,parallel_sharded,4,0,8192,9128920.0
production,v0.2.5-beta,logger,parallel_sharded,8,0,1024,29151100.0
production,v0.2.5-beta,logger,parallel_sharded,8,0,128,27087100.0
production,v0.2.5-beta,logger,parallel_sharded,8,0,16,77930200.0
production,v0.2.5-beta,logger,parallel_sharded,8,0,8192,13358300.0
production,v0.2.5-beta,logger,serialized_full_metadata,1,0,128,7287510.0
production,v0.2.5-beta,logger,serialized_full_metadata,16,0,128,1059930.0
production,v0.2.5-beta,logger,serialized_full_metadata,2,0,128,7332780.0
production,v0.2.5-beta,logger,serialized_full_metadata,4,0,128,4116110.0
production,v0.2.5-beta,logger,serialized_full_metadata,8,0,128,1806620.0
production,v0.2.5-beta,logger,sink_fanout_1,4,0,128,13615100.0
production,v0.2.5-beta,logger,sink_fanout_2,4,0,128,3694630.0
production,v0.2.5-beta,logger,sink_fanout_4,4,0,128,3882170.0
production,v0.2.5-beta,logger,sink_fanout_8,4,0,128,3293620.0
production,v0.2.5-beta,logger,sink_rejection_1_percent,4,0,128,13336200.0
production,v0.2.5-beta,memory,async_logger_allocations,1,1,128,4999700.0
production,v0.2.5-beta,register,capacity_rejection,4,0,4,4543220.0
production,v0.2.5-beta,register,contains_hit,8,0,9,3322710.0
production,v0.2.5-beta,register,duplicate_rejection,4,0,9,4885480.0
production,v0.2.5-beta,register,missing_category,4,0,7,17039300.0
production,v0.2.5-beta,register,partitioned_categories,3,0,10,5275960.0
production,v0.2.5-beta,register,remove,8,0,9,2116480.0
production,v0.2.5-beta,register,same_category_add,1,0,10,3726280.0
production,v0.2.5-beta,register,same_category_add,16,0,10,1595470.0
production,v0.2.5-beta,register,same_category_add,2,0,10,3408530.0
production,v0.2.5-beta,register,same_category_add,4,0,10,2840090.0
production,v0.2.5-beta,register,same_category_add,8,0,10,2088290.0
production,v0.2.5-beta,sink,buffered_stream,1,0,128,5583070.0
production,v0.2.5-beta,sink,buffered_stream,16,0,128,23445600.0
production,v0.2.5-beta,sink,buffered_stream,2,0,128,10522100.0
production,v0.2.5-beta,sink,buffered_stream,4,0,128,15899000.0
production,v0.2.5-beta,sink,buffered_stream,8,0,128,23457700.0
production,v0.2.5-beta,sink,immediate_stream,1,0,128,4542090.0
production,v0.2.5-beta,sink,immediate_stream,16,0,128,971279.0
production,v0.2.5-beta,sink,immediate_stream,2,0,128,2935000.0
production,v0.2.5-beta,sink,immediate_stream,4,0,128,3562520.0
production,v0.2.5-beta,sink,immediate_stream,8,0,128,1515840.0
production,v0.2.5-beta,worker,backpressure_1us,8,4,0,658363.0
production,v0.2.5-beta,worker,backpressure_20us,8,4,0,173682.0
production,v0.2.5-beta,worker,bulk,1,4,0,3012580.0
production,v0.2.5-beta,worker,cpu_256_iterations,4,4,0,898164.0
production,v0.2.5-beta,worker,cpu_4096_iterations,4,4,0,544838.0
production,v0.2.5-beta,worker,dispatch_q1024,1,1,0,3381470.0
production,v0.2.5-beta,worker,dispatch_q1024,1,16,0,381187.0
production,v0.2.5-beta,worker,dispatch_q1024,1,2,0,3655680.0
production,v0.2.5-beta,worker,dispatch_q1024,1,4,0,1374080.0
production,v0.2.5-beta,worker,dispatch_q1024,1,8,0,409840.0
production,v0.2.5-beta,worker,dispatch_q1024,4,1,0,930285.0
production,v0.2.5-beta,worker,dispatch_q1024,4,16,0,934048.0
production,v0.2.5-beta,worker,dispatch_q1024,4,2,0,1440480.0
production,v0.2.5-beta,worker,dispatch_q1024,4,4,0,1620480.0
production,v0.2.5-beta,worker,dispatch_q1024,4,8,0,1306800.0
production,v0.2.5-beta,worker,dispatch_q64,1,1,0,1376260.0
production,v0.2.5-beta,worker,dispatch_q64,1,16,0,362543.0
production,v0.2.5-beta,worker,dispatch_q64,1,2,0,2405860.0
production,v0.2.5-beta,worker,dispatch_q64,1,4,0,1525110.0
production,v0.2.5-beta,worker,dispatch_q64,1,8,0,394663.0
production,v0.2.5-beta,worker,dispatch_q64,4,1,0,1187490.0
production,v0.2.5-beta,worker,dispatch_q64,4,16,0,814008.0
production,v0.2.5-beta,worker,dispatch_q64,4,2,0,1350570.0
production,v0.2.5-beta,worker,dispatch_q64,4,4,0,1264340.0
production,v0.2.5-beta,worker,dispatch_q64,4,8,0,1024060.0
production,v0.2.5-beta,worker,failure_and_exception_accounting,4,4,0,1581330.0
production,v0.2.5-beta,worker,shutdown_cancel_pending,1,1,0,57888.4
production,v0.2.5-beta,worker,tracked_future,1,4,0,531499.0
production,v0.3.0-beta,logger,async,1,1,128,3781550.0
production,v0.3.0-beta,logger,async,16,1,128,2325820.0
production,v0.3.0-beta,logger,async,2,1,128,4332490.0
production,v0.3.0-beta,logger,async,4,1,128,3643570.0
production,v0.3.0-beta,logger,async,8,1,128,2856740.0
production,v0.3.0-beta,logger,async_e2e_buffered_stream,1,1,128,4770920.0
production,v0.3.0-beta,logger,async_e2e_buffered_stream,16,1,128,2206550.0
production,v0.3.0-beta,logger,async_e2e_buffered_stream,2,1,128,4236620.0
production,v0.3.0-beta,logger,async_e2e_buffered_stream,4,1,128,3574360.0
production,v0.3.0-beta,logger,async_e2e_buffered_stream,8,1,128,2629540.0
production,v0.3.0-beta,logger,async_slow_sink,1,1,128,194333.0
production,v0.3.0-beta,logger,async_slow_sink,16,1,128,190732.0
production,v0.3.0-beta,logger,async_slow_sink,2,1,128,190093.0
production,v0.3.0-beta,logger,async_slow_sink,4,1,128,192739.0
production,v0.3.0-beta,logger,async_slow_sink,8,1,128,190556.0
production,v0.3.0-beta,logger,compile_time_filter_drop,4,0,128,101750000.0
production,v0.3.0-beta,logger,parallel_sharded,1,0,1024,9233700.0
production,v0.3.0-beta,logger,parallel_sharded,1,0,128,11281600.0
production,v0.3.0-beta,logger,parallel_sharded,1,0,16,65603900.0
production,v0.3.0-beta,logger,parallel_sharded,1,0,8192,3855780.0
production,v0.3.0-beta,logger,parallel_sharded,16,0,1024,32529800.0
production,v0.3.0-beta,logger,parallel_sharded,16,0,128,40898100.0
production,v0.3.0-beta,logger,parallel_sharded,16,0,16,72322300.0
production,v0.3.0-beta,logger,parallel_sharded,16,0,8192,14477200.0
production,v0.3.0-beta,logger,parallel_sharded,2,0,1024,14048500.0
production,v0.3.0-beta,logger,parallel_sharded,2,0,128,9751530.0
production,v0.3.0-beta,logger,parallel_sharded,2,0,16,79365100.0
production,v0.3.0-beta,logger,parallel_sharded,2,0,8192,5904480.0
production,v0.3.0-beta,logger,parallel_sharded,4,0,1024,19165500.0
production,v0.3.0-beta,logger,parallel_sharded,4,0,128,16601400.0
production,v0.3.0-beta,logger,parallel_sharded,4,0,16,62289800.0
production,v0.3.0-beta,logger,parallel_sharded,4,0,8192,9042410.0
production,v0.3.0-beta,logger,parallel_sharded,8,0,1024,27224200.0
production,v0.3.0-beta,logger,parallel_sharded,8,0,128,26309600.0
production,v0.3.0-beta,logger,parallel_sharded,8,0,16,77682000.0
production,v0.3.0-beta,logger,parallel_sharded,8,0,8192,12565300.0
production,v0.3.0-beta,logger,serialized_full_metadata,1,0,128,7621600.0
production,v0.3.0-beta,logger,serialized_full_metadata,16,0,128,1028560.0
production,v0.3.0-beta,logger,serialized_full_metadata,2,0,128,8909560.0
production,v0.3.0-beta,logger,serialized_full_metadata,4,0,128,3215360.0
production,v0.3.0-beta,logger,serialized_full_metadata,8,0,128,1774770.0
production,v0.3.0-beta,logger,sink_fanout_1,4,0,128,13667900.0
production,v0.3.0-beta,logger,sink_fanout_2,4,0,128,4300670.0
production,v0.3.0-beta,logger,sink_fanout_4,4,0,128,3824410.0
production,v0.3.0-beta,logger,sink_fanout_8,4,0,128,3747470.0
production,v0.3.0-beta,logger,sink_rejection_1_percent,4,0,128,14433300.0
production,v0.3.0-beta,memory,async_logger_allocations,1,1,128,4120230.0
production,v0.3.0-beta,register,capacity_rejection,4,0,4,4577960.0
production,v0.3.0-beta,register,contains_hit,8,0,9,3145400.0
production,v0.3.0-beta,register,duplicate_rejection,4,0,9,4486360.0
production,v0.3.0-beta,register,missing_category,4,0,7,17821500.0
production,v0.3.0-beta,register,partitioned_categories,3,0,10,5186700.0
production,v0.3.0-beta,register,remove,8,0,9,2100940.0
production,v0.3.0-beta,register,same_category_add,1,0,10,3819490.0
production,v0.3.0-beta,register,same_category_add,16,0,10,1479470.0
production,v0.3.0-beta,register,same_category_add,2,0,10,3388620.0
production,v0.3.0-beta,register,same_category_add,4,0,10,2842590.0
production,v0.3.0-beta,register,same_category_add,8,0,10,2053260.0
production,v0.3.0-beta,sink,buffered_stream,1,0,128,5704380.0
production,v0.3.0-beta,sink,buffered_stream,16,0,128,27036500.0
production,v0.3.0-beta,sink,buffered_stream,2,0,128,8391230.0
production,v0.3.0-beta,sink,buffered_stream,4,0,128,15818800.0
production,v0.3.0-beta,sink,buffered_stream,8,0,128,24137100.0
production,v0.3.0-beta,sink,immediate_stream,1,0,128,4129260.0
production,v0.3.0-beta,sink,immediate_stream,16,0,128,949824.0
production,v0.3.0-beta,sink,immediate_stream,2,0,128,4860100.0
production,v0.3.0-beta,sink,immediate_stream,4,0,128,3928580.0
production,v0.3.0-beta,sink,immediate_stream,8,0,128,1611870.0
production,v0.3.0-beta,worker,backpressure_1us,8,4,0,1229470.0
production,v0.3.0-beta,worker,backpressure_20us,8,4,0,160272.0
production,v0.3.0-beta,worker,bulk,1,4,0,10909200.0
production,v0.3.0-beta,worker,cpu_256_iterations,4,4,0,1290750.0
production,v0.3.0-beta,worker,cpu_4096_iterations,4,4,0,567304.0
production,v0.3.0-beta,worker,dispatch_q1024,1,1,0,4277420.0
production,v0.3.0-beta,worker,dispatch_q1024,1,16,0,1867180.0
production,v0.3.0-beta,worker,dispatch_q1024,1,2,0,3375460.0
production,v0.3.0-beta,worker,dispatch_q1024,1,4,0,3227480.0
production,v0.3.0-beta,worker,dispatch_q1024,1,8,0,2359430.0
production,v0.3.0-beta,worker,dispatch_q1024,4,1,0,2939180.0
production,v0.3.0-beta,worker,dispatch_q1024,4,16,0,1884790.0
production,v0.3.0-beta,worker,dispatch_q1024,4,2,0,2935190.0
production,v0.3.0-beta,worker,dispatch_q1024,4,4,0,2489040.0
production,v0.3.0-beta,worker,dispatch_q1024,4,8,0,2147540.0
production,v0.3.0-beta,worker,dispatch_q64,1,1,0,3665510.0
production,v0.3.0-beta,worker,dispatch_q64,1,16,0,1654450.0
production,v0.3.0-beta,worker,dispatch_q64,1,2,0,3819080.0
production,v0.3.0-beta,worker,dispatch_q64,1,4,0,2857300.0
production,v0.3.0-beta,worker,dispatch_q64,1,8,0,2301670.0
production,v0.3.0-beta,worker,dispatch_q64,4,1,0,2836630.0
production,v0.3.0-beta,worker,dispatch_q64,4,16,0,1925390.0
production,v0.3.0-beta,worker,dispatch_q64,4,2,0,2552200.0
production,v0.3.0-beta,worker,dispatch_q64,4,4,0,2471990.0
production,v0.3.0-beta,worker,dispatch_q64,4,8,0,2223740.0
production,v0.3.0-beta,worker,failure_and_exception_accounting,4,4,0,1975270.0
production,v0.3.0-beta,worker,shutdown_cancel_pending,1,1,0,74632.3
production,v0.3.0-beta,worker,tracked_future,1,4,0,1809720.0
production,v0.3.1-beta,logger,async,1,1,128,3899110.0
production,v0.3.1-beta,logger,async,16,1,128,2349640.0
production,v0.3.1-beta,logger,async,2,1,128,3891660.0
production,v0.3.1-beta,logger,async,4,1,128,3511730.0
production,v0.3.1-beta,logger,async,8,1,128,2943900.0
production,v0.3.1-beta,logger,async_e2e_buffered_stream,1,1,128,4597360.0
production,v0.3.1-beta,logger,async_e2e_buffered_stream,16,1,128,2219210.0
production,v0.3.1-beta,logger,async_e2e_buffered_stream,2,1,128,3923380.0
production,v0.3.1-beta,logger,async_e2e_buffered_stream,4,1,128,3223170.0
production,v0.3.1-beta,logger,async_e2e_buffered_stream,8,1,128,2580530.0
production,v0.3.1-beta,logger,async_slow_sink,1,1,128,193887.0
production,v0.3.1-beta,logger,async_slow_sink,16,1,128,188542.0
production,v0.3.1-beta,logger,async_slow_sink,2,1,128,193054.0
production,v0.3.1-beta,logger,async_slow_sink,4,1,128,194948.0
production,v0.3.1-beta,logger,async_slow_sink,8,1,128,192298.0
production,v0.3.1-beta,logger,compile_time_filter_drop,4,0,128,96264900.0
production,v0.3.1-beta,logger,parallel_sharded,1,0,1024,9404330.0
production,v0.3.1-beta,logger,parallel_sharded,1,0,128,10971900.0
production,v0.3.1-beta,logger,parallel_sharded,1,0,16,72605800.0
production,v0.3.1-beta,logger,parallel_sharded,1,0,8192,3846360.0
production,v0.3.1-beta,logger,parallel_sharded,16,0,1024,35272100.0
production,v0.3.1-beta,logger,parallel_sharded,16,0,128,38201500.0
production,v0.3.1-beta,logger,parallel_sharded,16,0,16,78560800.0
production,v0.3.1-beta,logger,parallel_sharded,16,0,8192,16115800.0
production,v0.3.1-beta,logger,parallel_sharded,2,0,1024,13524100.0
production,v0.3.1-beta,logger,parallel_sharded,2,0,128,16966100.0
production,v0.3.1-beta,logger,parallel_sharded,2,0,16,72511100.0
production,v0.3.1-beta,logger,parallel_sharded,2,0,8192,5431950.0
production,v0.3.1-beta,logger,parallel_sharded,4,0,1024,17613400.0
production,v0.3.1-beta,logger,parallel_sharded,4,0,128,15791300.0
production,v0.3.1-beta,logger,parallel_sharded,4,0,16,63512200.0
production,v0.3.1-beta,logger,parallel_sharded,4,0,8192,8993610.0
production,v0.3.1-beta,logger,parallel_sharded,8,0,1024,27784700.0
production,v0.3.1-beta,logger,parallel_sharded,8,0,128,29428200.0
production,v0.3.1-beta,logger,parallel_sharded,8,0,16,79358800.0
production,v0.3.1-beta,logger,parallel_sharded,8,0,8192,13058100.0
production,v0.3.1-beta,logger,serialized_full_metadata,1,0,128,7573180.0
production,v0.3.1-beta,logger,serialized_full_metadata,16,0,128,1194640.0
production,v0.3.1-beta,logger,serialized_full_metadata,2,0,128,8362040.0
production,v0.3.1-beta,logger,serialized_full_metadata,4,0,128,3321300.0
production,v0.3.1-beta,logger,serialized_full_metadata,8,0,128,1887260.0
production,v0.3.1-beta,logger,sink_fanout_1,4,0,128,13986000.0
production,v0.3.1-beta,logger,sink_fanout_2,4,0,128,3819940.0
production,v0.3.1-beta,logger,sink_fanout_4,4,0,128,3894700.0
production,v0.3.1-beta,logger,sink_fanout_8,4,0,128,3613870.0
production,v0.3.1-beta,logger,sink_rejection_1_percent,4,0,128,13262800.0
production,v0.3.1-beta,memory,async_logger_allocations,1,1,128,4038150.0
production,v0.3.1-beta,register,capacity_rejection,4,0,4,4566080.0
production,v0.3.1-beta,register,contains_hit,8,0,9,3459190.0
production,v0.3.1-beta,register,duplicate_rejection,4,0,9,4264940.0
production,v0.3.1-beta,register,missing_category,4,0,7,17724200.0
production,v0.3.1-beta,register,partitioned_categories,3,0,10,7759200.0
production,v0.3.1-beta,register,remove,8,0,9,2205710.0
production,v0.3.1-beta,register,same_category_add,1,0,10,4169190.0
production,v0.3.1-beta,register,same_category_add,16,0,10,1524250.0
production,v0.3.1-beta,register,same_category_add,2,0,10,3491430.0
production,v0.3.1-beta,register,same_category_add,4,0,10,2800100.0
production,v0.3.1-beta,register,same_category_add,8,0,10,2123460.0
production,v0.3.1-beta,sink,buffered_stream,1,0,128,5548870.0
production,v0.3.1-beta,sink,buffered_stream,16,0,128,25257600.0
production,v0.3.1-beta,sink,buffered_stream,2,0,128,9852310.0
production,v0.3.1-beta,sink,buffered_stream,4,0,128,15529200.0
production,v0.3.1-beta,sink,buffered_stream,8,0,128,22220700.0
production,v0.3.1-beta,sink,immediate_stream,1,0,128,4008030.0
production,v0.3.1-beta,sink,immediate_stream,16,0,128,953739.0
production,v0.3.1-beta,sink,immediate_stream,2,0,128,4647230.0
production,v0.3.1-beta,sink,immediate_stream,4,0,128,3353980.0
production,v0.3.1-beta,sink,immediate_stream,8,0,128,1670740.0
production,v0.3.1-beta,worker,backpressure_1us,8,4,0,1230240.0
production,v0.3.1-beta,worker,backpressure_20us,8,4,0,158753.0
production,v0.3.1-beta,worker,bulk,1,4,0,8843060.0
production,v0.3.1-beta,worker,cpu_256_iterations,4,4,0,1323280.0
production,v0.3.1-beta,worker,cpu_4096_iterations,4,4,0,567369.0
production,v0.3.1-beta,worker,dispatch_q1024,1,1,0,4184770.0
production,v0.3.1-beta,worker,dispatch_q1024,1,16,0,2072110.0
production,v0.3.1-beta,worker,dispatch_q1024,1,2,0,3957670.0
production,v0.3.1-beta,worker,dispatch_q1024,1,4,0,3518980.0
production,v0.3.1-beta,worker,dispatch_q1024,1,8,0,3028130.0
production,v0.3.1-beta,worker,dispatch_q1024,4,1,0,2944090.0
production,v0.3.1-beta,worker,dispatch_q1024,4,16,0,2682930.0
production,v0.3.1-beta,worker,dispatch_q1024,4,2,0,3561030.0
production,v0.3.1-beta,worker,dispatch_q1024,4,4,0,3435380.0
production,v0.3.1-beta,worker,dispatch_q1024,4,8,0,2900010.0
production,v0.3.1-beta,worker,dispatch_q64,1,1,0,4660810.0
production,v0.3.1-beta,worker,dispatch_q64,1,16,0,1640160.0
production,v0.3.1-beta,worker,dispatch_q64,1,2,0,4156540.0
production,v0.3.1-beta,worker,dispatch_q64,1,4,0,3364280.0
production,v0.3.1-beta,worker,dispatch_q64,1,8,0,3118630.0
production,v0.3.1-beta,worker,dispatch_q64,4,1,0,3031470.0
production,v0.3.1-beta,worker,dispatch_q64,4,16,0,2331670.0
production,v0.3.1-beta,worker,dispatch_q64,4,2,0,2882000.0
production,v0.3.1-beta,worker,dispatch_q64,4,4,0,2902290.0
production,v0.3.1-beta,worker,dispatch_q64,4,8,0,2652730.0
production,v0.3.1-beta,worker,failure_and_exception_accounting,4,4,0,2212000.0
production,v0.3.1-beta,worker,shutdown_cancel_pending,1,1,0,56509.0
production,v0.3.1-beta,worker,tracked_future,1,4,0,2159240.0
production,v0.4.0-beta,error,attempt_exception,1,0,17,279657.0
production,v0.4.0-beta,error,attempt_success,1,0,0,100503000.0
production,v0.4.0-beta,error,attempt_success,4,0,0,118301000.0
production,v0.4.0-beta,logger,async,1,1,128,4866040.0
production,v0.4.0-beta,logger,async,16,1,128,2366460.0
production,v0.4.0-beta,logger,async,2,1,128,3943120.0
production,v0.4.0-beta,logger,async,4,1,128,3299360.0
production,v0.4.0-beta,logger,async,8,1,128,2888280.0
production,v0.4.0-beta,logger,async_e2e_buffered_stream,1,1,128,4653180.0
production,v0.4.0-beta,logger,async_e2e_buffered_stream,16,1,128,2196290.0
production,v0.4.0-beta,logger,async_e2e_buffered_stream,2,1,128,3730380.0
production,v0.4.0-beta,logger,async_e2e_buffered_stream,4,1,128,3091830.0
production,v0.4.0-beta,logger,async_e2e_buffered_stream,8,1,128,2632320.0
production,v0.4.0-beta,logger,async_slow_sink,1,1,128,194374.0
production,v0.4.0-beta,logger,async_slow_sink,16,1,128,189660.0
production,v0.4.0-beta,logger,async_slow_sink,2,1,128,188783.0
production,v0.4.0-beta,logger,async_slow_sink,4,1,128,194588.0
production,v0.4.0-beta,logger,async_slow_sink,8,1,128,192792.0
production,v0.4.0-beta,logger,capture_exception,1,0,17,269483.0
production,v0.4.0-beta,logger,capture_exception,4,0,17,611137.0
production,v0.4.0-beta,logger,capture_success,1,0,0,106191000.0
production,v0.4.0-beta,logger,capture_success,4,0,0,108660000.0
production,v0.4.0-beta,logger,compile_time_filter_drop,4,0,128,87130800.0
production,v0.4.0-beta,logger,parallel_sharded,1,0,1024,9643670.0
production,v0.4.0-beta,logger,parallel_sharded,1,0,128,11395800.0
production,v0.4.0-beta,logger,parallel_sharded,1,0,16,76277700.0
production,v0.4.0-beta,logger,parallel_sharded,1,0,8192,3854310.0
production,v0.4.0-beta,logger,parallel_sharded,16,0,1024,32468600.0
production,v0.4.0-beta,logger,parallel_sharded,16,0,128,37488300.0
production,v0.4.0-beta,logger,parallel_sharded,16,0,16,67640700.0
production,v0.4.0-beta,logger,parallel_sharded,16,0,8192,16752900.0
production,v0.4.0-beta,logger,parallel_sharded,2,0,1024,13142300.0
production,v0.4.0-beta,logger,parallel_sharded,2,0,128,15979500.0
production,v0.4.0-beta,logger,parallel_sharded,2,0,16,86184600.0
production,v0.4.0-beta,logger,parallel_sharded,2,0,8192,5959690.0
production,v0.4.0-beta,logger,parallel_sharded,4,0,1024,18366500.0
production,v0.4.0-beta,logger,parallel_sharded,4,0,128,18069500.0
production,v0.4.0-beta,logger,parallel_sharded,4,0,16,60251900.0
production,v0.4.0-beta,logger,parallel_sharded,4,0,8192,8935110.0
production,v0.4.0-beta,logger,parallel_sharded,8,0,1024,27947000.0
production,v0.4.0-beta,logger,parallel_sharded,8,0,128,27248000.0
production,v0.4.0-beta,logger,parallel_sharded,8,0,16,72817300.0
production,v0.4.0-beta,logger,parallel_sharded,8,0,8192,13920600.0
production,v0.4.0-beta,logger,result_failure_log,4,0,16,11956300.0
production,v0.4.0-beta,logger,result_success_noop,4,0,0,134282000.0
production,v0.4.0-beta,logger,serialized_full_metadata,1,0,128,7485090.0
production,v0.4.0-beta,logger,serialized_full_metadata,16,0,128,1038390.0
production,v0.4.0-beta,logger,serialized_full_metadata,2,0,128,7228360.0
production,v0.4.0-beta,logger,serialized_full_metadata,4,0,128,3951900.0
production,v0.4.0-beta,logger,serialized_full_metadata,8,0,128,1825840.0
production,v0.4.0-beta,logger,sink_fanout_1,4,0,128,13405500.0
production,v0.4.0-beta,logger,sink_fanout_2,4,0,128,4098560.0
production,v0.4.0-beta,logger,sink_fanout_4,4,0,128,3851660.0
production,v0.4.0-beta,logger,sink_fanout_8,4,0,128,3670560.0
production,v0.4.0-beta,logger,sink_rejection_1_percent,4,0,128,13546300.0
production,v0.4.0-beta,memory,async_logger_allocations,1,1,128,4756560.0
production,v0.4.0-beta,register,capacity_rejection,4,0,4,4316000.0
production,v0.4.0-beta,register,contains_code_hit,8,0,0,11289500.0
production,v0.4.0-beta,register,contains_hit,8,0,9,6350820.0
production,v0.4.0-beta,register,duplicate_rejection,4,0,9,5045920.0
production,v0.4.0-beta,register,find_code_hit,8,0,0,11257500.0
production,v0.4.0-beta,register,missing_category,4,0,7,17338200.0
production,v0.4.0-beta,register,partitioned_categories,3,0,10,10275300.0
production,v0.4.0-beta,register,remove,8,0,9,3812820.0
production,v0.4.0-beta,register,remove_code,8,0,0,6547200.0
production,v0.4.0-beta,register,same_category_add,1,0,10,6925160.0
production,v0.4.0-beta,register,same_category_add,16,0,10,2071020.0
production,v0.4.0-beta,register,same_category_add,2,0,10,6881270.0
production,v0.4.0-beta,register,same_category_add,4,0,10,5233710.0
production,v0.4.0-beta,register,same_category_add,8,0,10,3435890.0
production,v0.4.0-beta,register,snapshot_1024,1,0,8,212211.0
production,v0.4.0-beta,register,snapshot_1024,4,0,8,160507.0
production,v0.4.0-beta,sink,buffered_stream,1,0,128,6680740.0
production,v0.4.0-beta,sink,buffered_stream,16,0,128,24746300.0
production,v0.4.0-beta,sink,buffered_stream,2,0,128,7934560.0
production,v0.4.0-beta,sink,buffered_stream,4,0,128,16127000.0
production,v0.4.0-beta,sink,buffered_stream,8,0,128,24917200.0
production,v0.4.0-beta,sink,immediate_stream,1,0,128,4455280.0
production,v0.4.0-beta,sink,immediate_stream,16,0,128,992213.0
production,v0.4.0-beta,sink,immediate_stream,2,0,128,5064910.0
production,v0.4.0-beta,sink,immediate_stream,4,0,128,3702840.0
production,v0.4.0-beta,sink,immediate_stream,8,0,128,1630210.0
production,v0.4.0-beta,worker,backpressure_1us,8,4,0,1213390.0
production,v0.4.0-beta,worker,backpressure_20us,8,4,0,157697.0
production,v0.4.0-beta,worker,bulk,1,4,0,8026330.0
production,v0.4.0-beta,worker,cpu_256_iterations,4,4,0,1284890.0
production,v0.4.0-beta,worker,cpu_4096_iterations,4,4,0,561133.0
production,v0.4.0-beta,worker,dispatch_q1024,1,1,0,1855790.0
production,v0.4.0-beta,worker,dispatch_q1024,1,16,0,2133520.0
production,v0.4.0-beta,worker,dispatch_q1024,1,2,0,4208010.0
production,v0.4.0-beta,worker,dispatch_q1024,1,4,0,3780930.0
production,v0.4.0-beta,worker,dispatch_q1024,1,8,0,2980360.0
production,v0.4.0-beta,worker,dispatch_q1024,4,1,0,2930710.0
production,v0.4.0-beta,worker,dispatch_q1024,4,16,0,2425350.0
production,v0.4.0-beta,worker,dispatch_q1024,4,2,0,3517150.0
production,v0.4.0-beta,worker,dispatch_q1024,4,4,0,3166220.0
production,v0.4.0-beta,worker,dispatch_q1024,4,8,0,2761090.0
production,v0.4.0-beta,worker,dispatch_q64,1,1,0,4354660.0
production,v0.4.0-beta,worker,dispatch_q64,1,16,0,1951510.0
production,v0.4.0-beta,worker,dispatch_q64,1,2,0,3806770.0
production,v0.4.0-beta,worker,dispatch_q64,1,4,0,3346220.0
production,v0.4.0-beta,worker,dispatch_q64,1,8,0,2979460.0
production,v0.4.0-beta,worker,dispatch_q64,4,1,0,2773130.0
production,v0.4.0-beta,worker,dispatch_q64,4,16,0,2293030.0
production,v0.4.0-beta,worker,dispatch_q64,4,2,0,2903660.0
production,v0.4.0-beta,worker,dispatch_q64,4,4,0,2840380.0
production,v0.4.0-beta,worker,dispatch_q64,4,8,0,2486580.0
production,v0.4.0-beta,worker,failure_and_exception_accounting,4,4,0,2154960.0
production,v0.4.0-beta,worker,shutdown_cancel_pending,1,1,0,66222.6
production,v0.4.0-beta,worker,tracked_future,1,4,0,2155480.0
